ticker,breakout_probability,rsi,macd_hist,bb_squeeze_ratio,volume_ratio,breakout_composite,squeeze_expansion,ma_short_dev,ma_mid_dev,latest_close,latest_volume
6146.T,0.24631796464671787,52.89776067336237,708.690161238249,0.7563859431781572,1.5359628434592623,1.0,0.0,4.82080126774823,2.4534212527871984,56680.0,2123100
6963.T,0.21049076309437165,54.01688658044925,19.12321019736155,1.045574110312718,0.973383475117748,2.0,0.0,1.9801565705195372,2.4778090951159015,4872.0,2932600
9432.T,0.1399712553169031,55.17861348841923,-0.8064498942021787,0.7058378388108715,0.9934618611743126,1.0,0.0,-0.8031957398994365,0.4163815041818999,171.3000030517578,208625600
7735.T,0.1336395284275189,62.81204252536738,246.65311880664154,1.2905334692646082,1.4052481988234518,1.0,0.0,6.67547981352784,10.945020280242538,14530.0,2551200
5108.T,0.13050828230381664,44.116962561923266,-2.534434981899892,0.9485153481630348,1.1364071897324346,0.0,0.0,0.19987376393856274,-3.0307349303144737,3810.0,4477200
8035.T,0.1267501491487992,63.07350552206589,182.90128861150035,1.2373862862271783,0.7800445136203862,1.0,0.0,6.567474624607883,9.86397410008138,11505.0,12075600
7011.T,0.12540038537037507,46.81712031224017,14.310712110003657,0.7598395915376703,0.9104660283664132,0.0,0.0,-1.8772441384957483,-0.9109019397056675,3793.0,14915300
9984.T,0.1176957954911264,51.29751368491037,-11.329941787844234,0.8837039257608402,0.9676225661131321,1.0,0.0,-2.8928604432609486,3.8567273268062863,6035.0,64169100
6645.T,0.11141250013506244,56.081250010994154,21.0575536706396,0.9167113834134991,1.1833189172791783,2.0,0.0,1.254964257347101,1.8360525828076981,6374.0,1443300
7974.T,0.1044736611607909,39.719597155321864,-85.96819293392034,1.170698474119401,0.8482067142215793,0.0,0.0,-2.5906735751295336,-7.339169620015487,7896.0,6801600
6098.T,0.08920609307012722,54.90423578329255,-101.61988926963306,1.005179762973009,0.8680252130178391,1.0,0.0,0.8725492022363261,0.696995053938459,16700.0,4102400
2802.T,0.08864538590654507,43.23560121068917,4.632036205246266,0.8835364215551664,0.930079295154185,0.0,0.0,0.21208315672843056,-2.9232616461055514,4978.0,2639100
4307.T,0.08442781951931122,48.28070346271308,-11.347008809208905,0.9784887612963866,0.7343425859176417,0.0,0.0,-0.9241319005262243,-1.48781174908659,4971.0,1665500
6702.T,0.07684013809189097,57.357053287543465,0.9611761687817335,0.923139838230825,0.9169983867290055,1.0,0.0,-0.4922905775965029,2.839961869725757,3945.0,6414500
4519.T,0.07671384802939442,29.96920988851282,-19.082648576415522,1.0369114029302748,1.7527490097280471,0.0,0.0,-6.128734216199569,-8.882737344326392,6096.0,4741300
4543.T,0.0745834174494151,43.7319619716272,-2.5252312378759996,0.8664033545159362,1.0430986088498742,0.0,0.0,0.734508056695988,-3.943220663756649,2277.5,4840400
8058.T,0.07233852822094516,40.71644015325625,-31.87919926616626,0.8687367232777052,1.1430203725844734,0.0,0.0,-2.6736018382833078,-3.801875065696611,4637.0,9703500
4523.T,0.059430493079235945,56.829488785218004,15.596166810826169,1.1283955504235517,1.0038332147247202,1.0,0.0,-0.5934612719868367,1.980260186882949,4811.0,1241300
6367.T,0.05643827437024478,45.661226934346466,117.47580971560296,0.9837486013169718,0.8748682296158838,0.0,0.0,0.28694984960022973,0.5396960138527954,20705.0,1004200
9022.T,0.05580771913946912,37.46408506145623,-17.392396348086024,1.1668504252914467,1.2468597887270334,0.0,0.0,-1.8521213068346185,-4.501687473098434,3675.0,2784400
6588.T,0.05423774776844823,49.7506574811381,14.385673340354295,0.892555225281408,0.7617808615206707,0.0,0.0,0.9676724609113712,-0.3358514835307902,2936.0,105400
6503.T,0.052349557759580445,42.22579109718159,20.111244693658477,0.7842191371411105,1.191408190434558,0.0,0.0,-0.8042395868781615,-2.8875569499703566,5131.0,7195200
4063.T,0.05099243620987845,40.75977228769613,29.643978954592086,0.7511131191448162,0.935136451530379,0.0,0.0,-1.2821235601376368,-1.5937359776352713,5749.0,6086200
6920.T,0.04976941602113829,62.58684504459951,935.3344932151736,1.6333076899747268,1.3809382339421403,1.0,1.0,2.10180296842315,14.663504564166807,41000.0,4671500
7203.T,0.04616307616594258,39.73385920802298,-13.489876996805776,1.0927484064564956,1.3242790838491687,0.0,0.0,-1.6626613386121938,-4.090869345486624,2881.5,34117700
6501.T,0.0445242583817359,56.80037108686837,17.883362814113944,1.0775717119916735,1.0927118476014206,1.0,0.0,-0.3754719034106964,2.360660915622861,5465.0,10745100
6758.T,0.044502513932624735,51.15690570017767,-10.407942314269164,1.030374513574107,1.0773790359866549,1.0,0.0,1.347732455445717,-1.0304165035493118,3732.0,15962200
6770.T,0.04205997881779804,52.621016813287866,-2.792187797972133,0.9728841623132886,0.6637016970470233,1.0,0.0,0.8832144393694621,0.5102357035925493,2196.0,1097600
4502.T,0.04114666130134176,53.074337237699275,2.0563695937791806,1.1647885080437657,1.1130371651853663,1.0,0.0,-1.3322474300151925,0.41588053436607847,5739.0,4844600
6954.T,0.031108124876586467,46.269481655318174,45.497028855513946,0.8477070357609137,1.1363782886577436,0.0,0.0,-0.5284060312331658,0.04129601798068565,5911.0,5199800
8031.T,0.02931669789147862,43.1747938734945,-28.51887416057749,0.7939304706019434,0.9937639073418968,0.0,0.0,-2.7673084663966216,-3.227590745230311,4829.0,6739200
3382.T,0.02741336974073759,40.544320829082075,-5.899035500551975,1.0021233104337097,1.0592973382902708,0.0,0.0,-1.15465360391882,-2.1829893602263355,1977.5,9714800
9433.T,0.027301329494937816,47.58479771347373,-9.926058573740704,0.767273102067189,1.127299830793582,0.0,0.0,-1.6609309458412505,-0.7111827397484108,2923.5,10216600
8411.T,0.02725504162636024,50.485930553583934,-12.870824723899112,0.6418616936582389,1.1313264290358174,1.0,0.0,-0.04834596808888735,0.12561729350718895,8472.0,10484200
2914.T,0.027204703385613684,53.46853621090491,6.300062525096594,0.9250131997452252,1.3840876553499104,1.0,0.0,-0.03194331513532086,0.3597499825081088,6885.0,5090100
7741.T,0.02589055101441223,42.513650941965736,99.20566879263583,0.8939584435149197,1.1753730611988915,0.0,0.0,0.06893877375156189,-2.166861841495579,23225.0,1499300
8306.T,0.02148768288534713,49.744068014255866,-5.354739456909293,0.6808233787237513,1.0549809776765424,0.0,0.0,-0.39543726956492425,-0.26902819868249905,3592.0,44278000
6861.T,0.010405771810547366,54.110514408151225,354.0167103553998,0.9029344622402923,0.8725355381745247,1.0,0.0,1.5251769154127175,1.2040269379003743,79480.0,498100
