,rebound_probability,rsi,stoch_k,williams_r,mfi,dist_from_52w_low,pct_in_52w_range,oversold_composite,reversal_composite,volume_ratio,stoch_cross_up,mfi_turning_up,latest_close
6920.T,0.20319370924677377,73.03253129942708,82.0952380952381,-17.904761904761905,78.03235111596209,0.6075136855036533,0.5879230938322174,0.0,1.0,1.7572105325694447,0.0,0.0,46130.0
6098.T,0.11078495283115403,54.45936685514044,60.933940672537,-39.066059327462995,69.91859546130513,1.7699141318395057,0.8755353384188185,0.0,0.0,0.7017155797240312,0.0,0.0,16685.0
8035.T,0.10010739312699372,64.422891665203,84.04641000515892,-15.953589994841076,63.9253377900398,0.715095772093367,0.5837124983262034,0.0,1.0,1.2003903544986911,0.0,0.0,12100.0
6963.T,0.09531412636798961,63.510491286809476,99.46178686759957,-0.5382131324004306,63.20220706016327,1.1592996447677122,0.7631765081830235,0.0,1.0,1.0876295421749966,0.0,0.0,5228.0
6954.T,0.08482046536717536,52.77044100281631,90.2803738317757,-9.719626168224298,60.87063980793756,0.1567022086824067,0.22684674751929437,0.0,1.0,0.7645593373190727,0.0,0.0,6075.0
7735.T,0.07123819343902392,68.32392661340117,94.4854491897543,-5.5145508102456855,78.514086591253,0.8081204861236313,0.6209083272623965,0.0,1.0,0.9181692670216852,0.0,0.0,15465.0
7974.T,0.043174645978267145,39.02428744676962,5.899280575539568,-94.10071942446044,25.275808656533542,0.19941931540342298,0.3536042640337273,2.0,0.0,0.788527496343991,0.0,0.0,7849.0
9022.T,0.04250610130068642,35.695506129053655,6.5208058680415535,-93.47919413195845,32.49845671355783,0.13568452926376318,0.2699037633558198,2.0,0.0,1.046041289809024,0.0,0.0,3621.0
7011.T,0.039393058184490674,47.965353682103256,62.38239029800684,-37.61760970199316,48.57260825270869,0.12420294569313907,0.23629830221575254,0.0,1.0,0.8009805998493468,0.0,0.0,3813.0
7203.T,0.03902030034782341,38.79416124536293,2.1388999279554612,-97.86110007204454,50.52671346064791,0.0815851815683295,0.17456806071231037,2.0,1.0,1.201420110071151,0.0,0.0,2856.5
2802.T,0.03835667548373143,55.500155779044526,83.68432862720383,-16.31567137279616,63.419117028797025,0.2787904377311492,0.5089436787595875,0.0,1.0,1.2013807856865033,0.0,0.0,5212.0
6645.T,0.03791307421691703,56.20585969008858,82.28882833787466,-17.71117166212534,55.88460433458292,0.523582658408766,0.721365277321956,0.0,0.0,1.0207444583856127,0.0,0.0,6396.0
4063.T,0.0373959759778407,56.02738840318695,92.73703846477123,-7.26296153522877,64.63484966658322,0.17578493151318414,0.32495876883080993,0.0,1.0,0.8621937518507333,0.0,0.0,6030.0
6146.T,0.03670249119472294,61.67269215174674,93.03882973480522,-6.961170265194789,74.72398969613317,0.22429375884831734,0.2620650871492235,0.0,1.0,1.0787852757808478,0.0,0.0,60290.0
6758.T,0.03537157490297544,52.13444717802617,74.97321869394149,-25.026781306058513,51.08610841845865,0.23921535747598383,0.708794931215563,0.0,1.0,0.9089505574491634,0.0,0.0,3753.0
7741.T,0.0259569132403946,54.699307488410554,90.56179775280899,-9.438202247191011,50.59913228137502,0.09090909090909091,0.24468731026108076,0.0,1.0,0.8390163584046103,0.0,0.0,24180.0
5108.T,0.02531522212308846,42.503324254141425,41.20603015075377,-58.79396984924623,41.299622179929756,0.20964362424734725,0.5166044781153987,0.0,0.0,0.9598386412992777,0.0,0.0,3780.0
4307.T,0.022449734148624667,53.07325327080427,65.51714173781103,-34.48285826218898,55.082785652608365,0.4692802513483159,0.7650267602696116,0.0,1.0,0.9439132705166893,0.0,0.0,5075.0
6503.T,0.021989850288127496,48.733161169552346,86.00406348312588,-13.995936516874139,53.08205719474827,0.07371096184201348,0.20710468698571313,0.0,1.0,0.9363478696056942,0.0,0.0,5264.0
6367.T,0.01931122069812936,43.52373677676712,52.581273746961635,-47.418726253038365,55.22901311696291,0.13933216803045592,0.3090764995517884,0.0,1.0,1.1587119675004125,0.0,0.0,20585.0
6588.T,0.01768670000769032,40.31505656594665,50.67931536355975,-49.32068463644025,44.163185070370076,0.07837752026287113,0.25259247715869126,0.0,0.0,1.2102377876322497,0.0,0.0,2820.0
8411.T,0.013087403909209452,48.96234158452764,34.297461724082616,-65.70253827591739,45.78448206696137,0.4769524462609325,0.8564909376178761,0.0,0.0,0.8296644926624065,0.0,0.0,8446.0
6861.T,0.012867321974315527,55.528258341401354,82.89355561575425,-17.10644438424574,67.25351585616579,0.4957660133833481,0.7839665289074317,0.0,1.0,0.8580201093191173,0.0,0.0,80270.0
4519.T,0.012416996977079974,31.359632382738297,6.9879518072289155,-93.01204819277109,18.37375893857218,0.009708737864077669,0.012524282040952654,3.0,1.0,1.3786661571727943,0.0,0.0,6032.0
9984.T,0.011319294994853709,53.92850437429152,52.43116242088616,-47.56883757911384,51.981517633050736,0.8794584118324793,0.5172232008794891,0.0,1.0,0.839885751237827,0.0,0.0,6310.0
8058.T,0.009327119200994124,44.771413628700664,18.161231679046836,-81.83876832095315,25.428903043492426,0.10947078316851218,0.2718376025232673,2.0,0.0,0.816138166506101,0.0,0.0,4694.0
8306.T,0.008504047332753978,46.31772811105083,18.21006018400013,-81.78993981599987,35.59293377165881,0.4514271521178416,0.8337365907467462,2.0,0.0,0.8688227511243946,0.0,0.0,3544.0
4502.T,0.00809785609081627,46.8872205802626,39.06173434876138,-60.93826565123862,40.92865623190951,0.21905769792687171,0.7798655610101074,0.0,0.0,0.9629897682765203,0.0,0.0,5643.0
6501.T,0.007434776465925306,59.58218115807177,87.80778171749598,-12.192218282504022,66.88598069138163,0.2648503598891378,0.7189710978943715,0.0,1.0,1.1264325770545807,0.0,0.0,5522.0
9433.T,0.006740167423951036,44.141230579379716,5.009018238146105,-94.9909817618539,30.62423422949398,0.18697667049233052,0.7164973956645933,2.0,1.0,0.8229348938439586,0.0,0.0,2896.5
4543.T,0.0062826734017276155,41.95288490208285,35.957647161159855,-64.04235283884015,63.83692222265196,0.19858111132683773,0.46692741537565485,0.0,1.0,1.3209154206730054,0.0,0.0,2243.5
6770.T,0.006071070628048743,52.36699912458129,64.30526578478941,-35.69473421521058,63.24703191528422,0.17171030980873106,0.6875604394853254,0.0,1.0,0.9821571366926881,0.0,0.0,2207.5
2914.T,0.006019338920557057,49.387818055021505,65.86826347305389,-34.131736526946106,52.420895855837955,0.2585988756537463,0.7834012330982688,0.0,0.0,1.007012739333439,0.0,0.0,6830.0
3382.T,0.005260647922136483,41.818946066988666,14.678899082568808,-85.3211009174312,25.814526937462986,0.10873794650942918,0.3402794021133064,2.0,0.0,0.9555087987511242,0.0,0.0,1978.0
6702.T,0.004592076444505867,63.695027464211584,94.27346654054827,-5.726533459451734,60.72254739344695,0.35767036844593364,0.9724347981202809,0.0,1.0,0.8278619045680169,0.0,0.0,4069.0
4523.T,0.003400127824171498,47.770904566752485,45.175184631067474,-54.824815368932526,66.24545643588033,0.30537433688325155,0.7105339375407767,0.0,0.0,0.9673417409522245,0.0,0.0,4700.0
8031.T,0.0030439862632937725,47.09137653843549,23.90972175437799,-76.09027824562202,33.6241455068039,0.12804789588416307,0.2488126759512158,0.0,0.0,0.6718454913062578,0.0,0.0,4902.0
9432.T,0.001465131156030952,51.52620832225648,15.879170175461434,-84.12082982453856,41.095474599706826,0.21014743187539967,0.7991207314592843,2.0,0.0,0.8112115933892753,0.0,0.0,169.89999389648438
